{"<global>":{"login":["login_Cars"],"menu":["menu_Cars"]},"carsbcolor":{"inline_add":[],"inline_edit":[],"list":["list"],"search":["search"]},"carscars":{"add":["add"],"delete":[],"edit":["edit"],"list":["list","list1"],"search":["search"],"view":["view"]},"carscategory":{"inline_add":[],"inline_edit":[],"list":["list"]},"carsform":{"add":["add"],"search":["search"]},"carsmake":{"inline_add":[],"inline_edit":[],"list":["list"],"search":["search"]},"carsmodels":{"inline_add":[],"inline_edit":[],"list":["list"]},"carsusers":{"add":["add"],"delete":[],"edit":["edit"],"export":["export"],"import":["import"],"list":["list"],"print":["print"],"search":["search"],"view":["view"]}}